﻿<request xmlns="http://ws.toplogwms.ru/" xmlns:xs="http://www.w3.org/2001/XMLSchema" xmlns:xsi="http://www.w3.org/2001/XMLSchema-instance" Update="false">
	<Advices DocID="3471_84818ce9-be23-11e7-b748-e084c49ab1d0" DocDate="2017-10-31T13:08:55" Stage="1">
		<Order OrderID="754aca9b-b7f5-11e7-1092-5681ea1ca0a6" OrderNum="3471" OrderDate="2017-10-30T15:38:59" DocTypeID="10"/>
		<AdviceRows GoodID="54a616ad-1e8c-11e7-a824-002590c517f0" Quantity="6">
			<Batch ID="100053" Description="(2017.06)Снежеть пар. 2789" ProductionDate="2017-06-01T00:00:00">
				<AddProperties Key="ВидДокумента" Name="Вид документа" Value="пар."/>
				<AddProperties Key="СерийныйНомер" Name="Номер документа" Value="2789"/>
				<AddProperties Key="ДатаПрихода" Name="Дата документа" Value="0001-01-01T00:00:00"/>
				<AddProperties Key="ДатаПроизводства" Name="Дата производства" Value="1706"/>
				<AddProperties Key="ДатаПроверки" Name="Дата перепроверки" Value=""/>
				<AddProperties Key="Производитель" Name="Производитель" Value="Снежеть"/>
				<AddProperties Key="ТехЗнак" Name="Технологический знак" Value=""/>
			</Batch>
		</AdviceRows>
	</Advices>
</request>