﻿<request xmlns="http://ws.toplogwms.ru/" xmlns:xs="http://www.w3.org/2001/XMLSchema" xmlns:xsi="http://www.w3.org/2001/XMLSchema-instance" Update="false">
	<Advices>
		<Order OrderID="0559bfd2-e0d6-11e7-cc96-5681ea1ca0a6" OrderNum="Г0002411" OrderDate="2017-12-29T15:32:52" DocTypeID="40"/>
		<Doc DocID="b52ff0ac-ec9c-11e7-bd9c-268af68e69da" DocNum="936" DocDate="2017-12-29T16:32:26" Storeman="" Comment=""/>
		<CargoUnits CargoID="21030000034364" UnitsQnt="1" Weight="0" Volume="0"/>
		<AdviceRows GoodID="cb10c63d-d247-11e0-9dea-00a0d1e84467" GoodName="микросборка 249КП13АР" Quantity="10" OrderRowID="bad5189a-8441-4116-ab77-8cc5a83a67ec">
			<Batch ID="3180" Description="(2017.27)Протон изв. 29 от 10.07.2017" ReceiptDate="2017-07-10T00:00:00" ProductionDate="2017-06-26T00:00:00"/>
		</AdviceRows>
	</Advices>
</request>