﻿<request xmlns="http://ws.toplogwms.ru/" xmlns:xs="http://www.w3.org/2001/XMLSchema" xmlns:xsi="http://www.w3.org/2001/XMLSchema-instance" Update="false">
	<Orders OrderID="2e096e79-b273-11e7-7089-5681ea1ca0a6" OrderNum="ИФ 0398963" OrderDate="2017-10-16T16:46:38" Manager="Чекунова Ю.Ю." Comment="с/ф № 2959068 от 29.09.17  (Доверенность № 417 от 29.09.17 Г.А.Б.)" DocNum="Д0005238" DocTypeID="10">
		<Provider ProviderID="e0020149-a940-11e0-b6ed-00a0d1e84467" ProviderName="Интеграл"/>
		<OrderRows GoodID="fc3ec5c4-d24a-11e0-9dea-00a0d1e84467" GoodName="микросхема 5559ИН18 Т" Quantity="50"/>
		<OrderRows GoodID="9d3d153f-d244-11e0-9dea-00a0d1e84467" GoodName="микросхема 133ИР17" Quantity="500"/>
		<OrderRows GoodID="57dc3387-98a9-11e0-acd6-00a0d1e84467" GoodName="микросхема 1533ЛН1" Quantity="2000"/>
		<OrderRows GoodID="dc1b55e4-d246-11e0-9dea-00a0d1e84467" GoodName="микросхема 1533ТМ2" Quantity="1500"/>
		<OrderRows GoodID="dc1b55d4-d246-11e0-9dea-00a0d1e84467" GoodName="микросхема 1533ЛП5" Quantity="500"/>
		<OrderRows GoodID="dc1b55c1-d246-11e0-9dea-00a0d1e84467" GoodName="микросхема 1533ЛА9" Quantity="300"/>
		<OrderRows GoodID="dc1b55bc-d246-11e0-9dea-00a0d1e84467" GoodName="микросхема 1533ЛА7" Quantity="100"/>
		<OrderRows GoodID="c8a927b2-d246-11e0-9dea-00a0d1e84467" GoodName="микросхема 1533ИП6" Quantity="300"/>
		<OrderRows GoodID="dc1b55cf-d246-11e0-9dea-00a0d1e84467" GoodName="микросхема 1533ЛН8" Quantity="200"/>
		<OrderRows GoodID="c8a927ea-d246-11e0-9dea-00a0d1e84467" GoodName="микросхема 1533ЛА4" Quantity="700"/>
		<OrderRows GoodID="c8a927e1-d246-11e0-9dea-00a0d1e84467" GoodName="микросхема 1533КП7" Quantity="1000"/>
		<OrderRows GoodID="b296a2aa-d246-11e0-9dea-00a0d1e84467" GoodName="микросхема 1533ИД7" Quantity="500"/>
	</Orders>
</request>