﻿<request xmlns="http://ws.toplogwms.ru/" xmlns:xs="http://www.w3.org/2001/XMLSchema" xmlns:xsi="http://www.w3.org/2001/XMLSchema-instance" Update="false">
	<Orders OrderID="590a10a0-b578-11e7-1092-5681ea1ca0a6" OrderNum="Д0004248" OrderDate="2017-10-20T13:18:38" Manager="Чекунова Ю.Ю." DocTypeID="40">
		<OrderRows OrderRowID="5294eb48-c62a-4a53-b318-73472219e95c" GoodID="65ca0a64-bc2c-11e0-8d9a-00a0d1e84467" Quantity="2">
			<Requirements Key="ProductionDate" Name="Дата производства" Value="2010-01-01T00:00:00"/>
		</OrderRows>
		<OrderRows OrderRowID="3c82dd81-be97-47de-b428-a5e25537e766" GoodID="5477c7c5-abe6-11e2-95d6-00a0d1e84467" Quantity="2">
			<Requirements Key="ProductionDate" Name="Дата производства" Value="2010-01-01T00:00:00"/>
		</OrderRows>
		<OrderRows OrderRowID="5ba4efde-1c62-40b5-a14a-1741ccd69f34" GoodID="77eb7d0d-b3d2-11e7-7089-5681ea1ca0a6" Quantity="18">
			<Requirements Key="ProductionDate" Name="Дата производства" Value="2010-01-01T00:00:00"/>
		</OrderRows>
		<OrderRows OrderRowID="2c0f99ad-5e4c-4ee7-a904-3398d68d3e4d" GoodID="da2e6c7e-b40a-11e7-7089-5681ea1ca0a6" Quantity="6">
			<Requirements Key="ProductionDate" Name="Дата производства" Value="2010-01-01T00:00:00"/>
		</OrderRows>
		<OrderRows OrderRowID="af41c04a-13f7-4484-92cc-dc8eca37f9c3" GoodID="0ab9952a-bc31-11e0-8d9a-00a0d1e84467" Quantity="4">
			<Requirements Key="ProductionDate" Name="Дата производства" Value="2010-01-01T00:00:00"/>
		</OrderRows>
		<OrderRows OrderRowID="6d13f895-4d4b-419f-8475-3d1c53ffe3df" GoodID="beaa3ab0-eead-11e2-8801-00a0d1e84467" Quantity="4">
			<Requirements Key="ProductionDate" Name="Дата производства" Value="2010-01-01T00:00:00"/>
		</OrderRows>
		<OrderRows OrderRowID="70d8ab0d-a181-428d-b27b-70dcddf6600f" GoodID="2c30ba63-6151-11e7-9455-002590fc76a8" Quantity="2">
			<Requirements Key="ProductionDate" Name="Дата производства" Value="2010-01-01T00:00:00"/>
		</OrderRows>
		<OrderRows OrderRowID="105414da-2d55-42ca-8a6e-7e1f35401387" GoodID="da2e6c89-b40a-11e7-7089-5681ea1ca0a6" Quantity="2">
			<Requirements Key="ProductionDate" Name="Дата производства" Value="2010-01-01T00:00:00"/>
		</OrderRows>
		<OrderRows OrderRowID="a9e9485c-4d68-4b04-957e-6119d14cd5d4" GoodID="65ca0a4a-bc2c-11e0-8d9a-00a0d1e84467" Quantity="4">
			<Requirements Key="ProductionDate" Name="Дата производства" Value="2010-01-01T00:00:00"/>
		</OrderRows>
		<DeliveryInfo>
			<Client ClientID="4b680189-798d-11e6-9cd0-002590c517f0" ClientName="Лель"/>
		</DeliveryInfo>
	</Orders>
</request>